seq,opinion_before,r_time1,confidence_before,opinion_after,r_time2,confidence_after,trust_system,usefulness,difficulty_level,y_pred,case
40840.0,0.0,0.494522,4.0,1.0,12.54057,3.0,3.0,3.0,3.0,1.0,2.0
49630.0,0.0,0.856969,3.0,0.0,4.188299,4.0,3.0,3.0,3.0,1.0,1.0
36327.0,0.0,0.832866,3.0,0.0,3.952583,3.0,4.0,4.0,4.0,0.0,0.0
49748.0,0.0,0.586046,4.0,0.0,3.57083,4.0,4.0,4.0,4.0,1.0,1.0
44514.0,0.0,0.712097,4.0,0.0,4.35736,3.0,3.0,3.0,3.0,1.0,1.0
