seq,opinion_before,r_time1,confidence_before,opinion_after,r_time2,confidence_after,trust_system,usefulness,difficulty_level,y_pred,case
36327.0,0.0,2.73668,4.0,1.0,6.052167,4.0,4.0,4.0,4.0,0.0,1.0
49630.0,0.0,0.64655,4.0,0.0,3.691589,4.0,4.0,4.0,4.0,1.0,0.0
44514.0,0.0,0.664252,4.0,0.0,3.873927,4.0,4.0,4.0,4.0,1.0,0.0
40840.0,0.0,0.58518,4.0,0.0,3.825333,4.0,4.0,4.0,4.0,1.0,0.0
49748.0,0.0,0.588803,4.0,0.0,3.9635,4.0,4.0,4.0,4.0,1.0,0.0
