seq,opinion_before,r_time1,confidence_before,opinion_after,r_time2,confidence_after,trust_system,usefulness,difficulty_level,y_pred,case
36327.0,1.0,4.111877,3.0,1.0,7.455615,3.0,3.0,3.0,3.0,0.0,1.0
44514.0,0.0,1.780855,4.0,1.0,6.03218,3.0,3.0,3.0,3.0,1.0,2.0
49748.0,0.0,1.188851,4.0,0.0,4.128707,4.0,4.0,4.0,4.0,1.0,1.0
49630.0,1.0,0.871624,3.0,0.0,3.9661,4.0,4.0,4.0,4.0,1.0,0.0
40840.0,0.0,0.672097,5.0,0.0,3.445415,4.0,3.0,3.0,3.0,1.0,1.0
