seq,opinion_before,r_time1,confidence_before,opinion_after,r_time2,confidence_after,trust_system,usefulness,difficulty_level,y_pred,case
49748.0,1.0,0.759094,3.0,0.0,5.281447,4.0,4.0,4.0,4.0,1.0,1.0
44514.0,0.0,1.746859,4.0,0.0,4.817725,4.0,4.0,4.0,4.0,1.0,0.0
49630.0,0.0,0.633685,4.0,0.0,3.639547,3.0,3.0,3.0,3.0,1.0,0.0
40840.0,0.0,1.329347,4.0,0.0,4.985181,4.0,3.0,3.0,3.0,1.0,0.0
36327.0,0.0,0.851648,4.0,0.0,4.598173,4.0,4.0,4.0,4.0,0.0,0.0
